{"cameraMode":{"drawMode":0,"name":"Shaded","section":"Shading Mode"},"sceneLighting":true,"audioPlay":false,"sceneViewState":{"showFog":true,"showMaterialUpdate":false,"showSkybox":true,"showFlares":true,"showImageEffects":true,"showParticleSystems":true,"showVisualEffectGraphs":true,"m_FxEnabled":true},"in2DMode":false,"pivot":{"x":1056.0767822265625,"y":-152.28988647460938,"z":-501.32037353515627},"rotation":{"x":-0.024522410705685617,"y":0.9418480396270752,"z":-0.32767611742019656,"w":-0.07048685103654862},"size":137.75877380371095,"orthographic":false}